<?xml version="1.0" encoding="UTF-8"?>
<?xml-stylesheet type="text/css" href="styles.css"?>

<students>
    <student>
        <id>1</id>
        <name>John Doe</name>
        <course>Computer Science</course>
        <grade>A</grade>
    </student>
    <student>
        <id>2</id>
        <name>Jane Smith</name>
        <course>Mathematics</course>
        <grade>B</grade>
    </student>
    <student>
        <id>3</id>
        <name>Emily Johnson</name>
        <course>Physics</course>
        <grade>A</grade>
    </student>
</students>
